{
  "bci": {
    "default": 0.4908360010046096,
    "greedy": 0.49638839774616167,
    "oracle": 0.5083429797018181,
    "greedy_oracle_gap": 0.011954581955656407,
    "greedy_improvement": 0.005552396741552057
  },
  "sleep": {
    "default": 0.8920358603082382,
    "greedy": 0.8901287759588353,
    "oracle": 0.9023089156756443,
    "greedy_oracle_gap": 0.01218013971680898,
    "greedy_improvement": -0.0019070843494028988
  },
  "p300": {
    "default": 0.8455503742581727,
    "greedy": 0.8452397326760441,
    "oracle": 0.8534771717680844,
    "greedy_oracle_gap": 0.008237439092040222,
    "greedy_improvement": -0.00031064158212856796
  },
  "physionet": {
    "default": 0.6403053610310202,
    "greedy": 0.6500140988950979,
    "oracle": 0.6591513804323705,
    "greedy_oracle_gap": 0.009137281537272668,
    "greedy_improvement": 0.009708737864077666
  },
  "seed_iv": {
    "default": 0.3271874427301473,
    "greedy": 0.3319434589364684,
    "oracle": 0.3573716344956756,
    "greedy_oracle_gap": 0.025428175559207178,
    "greedy_improvement": 0.004756016206321101
  },
  "lee2019_erp": {
    "default": 0.8544891032073497,
    "greedy": 0.8737296076686164,
    "oracle": 0.8780210907478424,
    "greedy_oracle_gap": 0.0042914830792259995,
    "greedy_improvement": 0.019240504461266683
  }
}