{
  "bci": {
    "correlations": {
      "amplitude": 0.19119595316260204,
      "ch_var_disp": 0.10867484916021736,
      "trial_max": -0.0012677138026092778,
      "lf_power": -0.15560313021458763,
      "kurtosis": 0.031892324319227214
    },
    "mediation": {
      "reference": {
        "amplitude": 0.003399863839149475,
        "ch_var_disp": 0.005028480023611337,
        "trial_max": 0.5665930360555649,
        "lf_power": -0.14708339422941208,
        "kurtosis": 0.08603313565254211,
        "delta_acc": 0.00947789695149448
      },
      "hpf": {
        "amplitude": 0.0025544166564941406,
        "ch_var_disp": -0.00020134326769039035,
        "trial_max": 0.07899756729602814,
        "lf_power": 0.22610453516244888,
        "kurtosis": 0.08759006857872009,
        "delta_acc": -0.013678249912155105
      },
      "lpf": {
        "amplitude": 0.00034978240728378296,
        "ch_var_disp": 0.001384550181683153,
        "trial_max": -0.01807861030101776,
        "lf_power": 0.031924061477184296,
        "kurtosis": 0.0351983904838562,
        "delta_acc": 0.0018225979208967846
      },
      "baseline": {
        "amplitude": 0.00016571581363677979,
        "ch_var_disp": -0.001611295563634485,
        "trial_max": 0.03244422376155853,
        "lf_power": -0.00570514053106308,
        "kurtosis": 0.00978580117225647,
        "delta_acc": -7.415818843992117e-05
      },
      "asr": {
        "amplitude": 0.0,
        "ch_var_disp": 0.0,
        "trial_max": 0.0,
        "lf_power": 0.0,
        "kurtosis": 0.0,
        "delta_acc": 0.0006033812807637595
      },
      "autoreject": {
        "amplitude": -0.0010871514678001404,
        "ch_var_disp": -0.0003717748331837356,
        "trial_max": 0.023096397519111633,
        "lf_power": 0.02348887175321579,
        "kurtosis": -0.007567405700683594,
        "delta_acc": -0.20850609527134817
      },
      "badchannel": {
        "amplitude": 0.0,
        "ch_var_disp": 0.0,
        "trial_max": 0.0,
        "lf_power": 0.0,
        "kurtosis": 0.0,
        "delta_acc": 0.0
      }
    }
  },
  "sleep": {
    "correlations": {
      "amplitude": -0.3189910993018877,
      "ch_var_disp": 0.5954465541076871,
      "trial_max": 0.375643858485865,
      "lf_power": 0.2738320924176504,
      "kurtosis": 0.5803834426582088
    },
    "mediation": {
      "reference": {
        "amplitude": 0.0,
        "ch_var_disp": 0.0,
        "trial_max": 0.0,
        "lf_power": 0.0,
        "kurtosis": 0.0,
        "delta_acc": 0.0
      },
      "hpf": {
        "amplitude": -0.003001060336828232,
        "ch_var_disp": -0.00420974800363183,
        "trial_max": -0.06381498277187347,
        "lf_power": -0.19165216758847237,
        "kurtosis": -0.4603666067123413,
        "delta_acc": -0.047783653241173285
      },
      "lpf": {
        "amplitude": -0.00015011057257652283,
        "ch_var_disp": 0.0018146107904613018,
        "trial_max": -0.022236451506614685,
        "lf_power": 0.0060178302228450775,
        "kurtosis": -0.0005348324775695801,
        "delta_acc": 0.002048734456077006
      },
      "baseline": {
        "amplitude": -0.0018510818481445312,
        "ch_var_disp": 0.0010547181591391563,
        "trial_max": -0.05018182098865509,
        "lf_power": -0.0413329191505909,
        "kurtosis": -0.10152038931846619,
        "delta_acc": -0.007943658150320054
      },
      "asr": {
        "amplitude": 0.0035907961428165436,
        "ch_var_disp": 0.013800546061247587,
        "trial_max": -0.07687009871006012,
        "lf_power": 0.02233351394534111,
        "kurtosis": 0.2598801851272583,
        "delta_acc": -0.013150199102035187
      },
      "autoreject": {
        "amplitude": 0.023218408226966858,
        "ch_var_disp": 0.034970392007380724,
        "trial_max": 0.7314517945051193,
        "lf_power": 0.16463959589600563,
        "kurtosis": 0.42085790634155273,
        "delta_acc": -0.002351497377673595
      },
      "badchannel": {
        "amplitude": 0.015831880271434784,
        "ch_var_disp": -0.14496822329238057,
        "trial_max": -0.4969033747911453,
        "lf_power": 0.08169074729084969,
        "kurtosis": -0.39746731519699097,
        "delta_acc": -0.04458116549809499
      }
    }
  },
  "p300": {
    "correlations": {
      "amplitude": 0.27946564577640187,
      "ch_var_disp": -0.11347591326466597,
      "trial_max": 0.00038224738549067253,
      "lf_power": -0.2913764250328675,
      "kurtosis": 0.376648375435288
    },
    "mediation": {
      "reference": {
        "amplitude": 0.0,
        "ch_var_disp": 0.0,
        "trial_max": 0.0,
        "lf_power": 0.0,
        "kurtosis": 0.0,
        "delta_acc": -0.00016842978194131497
      },
      "hpf": {
        "amplitude": -0.0033417493104934692,
        "ch_var_disp": 0.0007117590866982937,
        "trial_max": -0.041517600417137146,
        "lf_power": 0.040465906262397766,
        "kurtosis": -0.12133285403251648,
        "delta_acc": -0.028191550924094644
      },
      "lpf": {
        "amplitude": 0.0,
        "ch_var_disp": 0.0,
        "trial_max": 0.0,
        "lf_power": 0.0,
        "kurtosis": 0.0,
        "delta_acc": 0.0001054459804257224
      },
      "baseline": {
        "amplitude": -0.0007302016019821167,
        "ch_var_disp": 0.0007520846556872129,
        "trial_max": 0.0018025785684585571,
        "lf_power": 0.008219577372074127,
        "kurtosis": -0.019098103046417236,
        "delta_acc": 0.0002087654267521888
      },
      "asr": {
        "amplitude": 6.099790334701538e-05,
        "ch_var_disp": -0.0001808155793696642,
        "trial_max": -0.003769978880882263,
        "lf_power": 0.002991713583469391,
        "kurtosis": 0.001648038625717163,
        "delta_acc": -0.00018636626480450502
      },
      "autoreject": {
        "amplitude": 0.008995361626148224,
        "ch_var_disp": 0.002886220347136259,
        "trial_max": 0.1046767383813858,
        "lf_power": 0.11865779757499695,
        "kurtosis": 0.2694293260574341,
        "delta_acc": 3.98923451883082e-05
      },
      "badchannel": {
        "amplitude": 0.0014961734414100647,
        "ch_var_disp": 0.00011628447100520134,
        "trial_max": 0.3152462989091873,
        "lf_power": 0.0733729675412178,
        "kurtosis": 0.016904592514038086,
        "delta_acc": -0.0022794279540467866
      }
    }
  }
}