{
  "bci": {
    "mean_acc": 0.37556442725569034,
    "std_acc": 0.10492502255344939,
    "best_pipeline": 0.4968053249923572,
    "worst_pipeline": 0.2573271153977387,
    "gap": 0.23947820959461846,
    "selective": {
      "top_10pct": 0.496701311833654,
      "top_25pct": 0.4938253138690607,
      "top_50pct": 0.4798174748913644,
      "top_75pct": 0.411875478462592,
      "top_100pct": 0.37556442725569034
    },
    "coverage_acc_curve": {
      "coverage": [
        0.0078125,
        0.015625,
        0.0234375,
        0.03125,
        0.0390625,
        0.046875,
        0.0546875,
        0.0625,
        0.0703125,
        0.078125,
        0.0859375,
        0.09375,
        0.1015625,
        0.109375,
        0.1171875,
        0.125,
        0.1328125,
        0.140625,
        0.1484375,
        0.15625,
        0.1640625,
        0.171875,
        0.1796875,
        0.1875,
        0.1953125,
        0.203125,
        0.2109375,
        0.21875,
        0.2265625,
        0.234375,
        0.2421875,
        0.25,
        0.2578125,
        0.265625,
        0.2734375,
        0.28125,
        0.2890625,
        0.296875,
        0.3046875,
        0.3125,
        0.3203125,
        0.328125,
        0.3359375,
        0.34375,
        0.3515625,
        0.359375,
        0.3671875,
        0.375,
        0.3828125,
        0.390625,
        0.3984375,
        0.40625,
        0.4140625,
        0.421875,
        0.4296875,
        0.4375,
        0.4453125,
        0.453125,
        0.4609375,
        0.46875,
        0.4765625,
        0.484375,
        0.4921875,
        0.5,
        0.5078125,
        0.515625,
        0.5234375,
        0.53125,
        0.5390625,
        0.546875,
        0.5546875,
        0.5625,
        0.5703125,
        0.578125,
        0.5859375,
        0.59375,
        0.6015625,
        0.609375,
        0.6171875,
        0.625,
        0.6328125,
        0.640625,
        0.6484375,
        0.65625,
        0.6640625,
        0.671875,
        0.6796875,
        0.6875,
        0.6953125,
        0.703125,
        0.7109375,
        0.71875,
        0.7265625,
        0.734375,
        0.7421875,
        0.75,
        0.7578125,
        0.765625,
        0.7734375,
        0.78125,
        0.7890625,
        0.796875,
        0.8046875,
        0.8125,
        0.8203125,
        0.828125,
        0.8359375,
        0.84375,
        0.8515625,
        0.859375,
        0.8671875,
        0.875,
        0.8828125,
        0.890625,
        0.8984375,
        0.90625,
        0.9140625,
        0.921875,
        0.9296875,
        0.9375,
        0.9453125,
        0.953125,
        0.9609375,
        0.96875,
        0.9765625,
        0.984375,
        0.9921875,
        1.0
      ],
      "accuracy": [
        0.4968053249923572,
        0.4968053249923572,
        0.4968053249923572,
        0.4968053249923572,
        0.4968053249923572,
        0.4968053249923572,
        0.4968053249923572,
        0.4968053249923572,
        0.49678230813613233,
        0.49676389465115245,
        0.4967297585688806,
        0.496701311833654,
        0.49667724151923154,
        0.4966566098211551,
        0.4966387290161556,
        0.49662308331178096,
        0.4963081559940856,
        0.4960282206005787,
        0.4957777520905988,
        0.4955523304316169,
        0.49534837750206184,
        0.4951629657479209,
        0.4949849409179854,
        0.49482175149054447,
        0.4946623214711071,
        0.4945151552993187,
        0.49437889032544063,
        0.49425235856398236,
        0.49413455313090054,
        0.4940246013933575,
        0.4939217433163011,
        0.49382531386906076,
        0.49324616482451955,
        0.4927010833708336,
        0.49218714942878694,
        0.4917017673724095,
        0.4912426221839444,
        0.4908076425317142,
        0.4903949695283164,
        0.49000293017508845,
        0.4896240346758075,
        0.4892631818193494,
        0.4889191128166801,
        0.48859068331413213,
        0.48827685067836407,
        0.4879766629398033,
        0.48768924914756423,
        0.48741381093000186,
        0.48680418390003555,
        0.4862189419512679,
        0.48565665066715785,
        0.48511598597089817,
        0.48459572371600673,
        0.48409473043351875,
        0.48361195508857574,
        0.48314642172023786,
        0.48267920111267665,
        0.4822280915605486,
        0.48179227385764517,
        0.48137098341150525,
        0.4809635057668781,
        0.4805691725624002,
        0.4801873578723502,
        0.4798174748913642,
        0.47695234744088344,
        0.4741740420343566,
        0.47126790617431075,
        0.4684472448983839,
        0.46570834192031,
        0.4630476933130382,
        0.46044327328182794,
        0.45791119825148463,
        0.4554484951397809,
        0.4530523515716367,
        0.45068306652463397,
        0.44837613108413127,
        0.44612911604468064,
        0.4439397167754723,
        0.44179218670128,
        0.43969834487894255,
        0.4376553848490719,
        0.4356622531126127,
        0.4337171486469116,
        0.4318183561922986,
        0.4299449024359161,
        0.4281150173715425,
        0.4263271986304879,
        0.4245800121335481,
        0.42286945880399773,
        0.42119691777065954,
        0.41956113588091126,
        0.417960914467027,
        0.4163904793691083,
        0.41485345778391125,
        0.41334879454787626,
        0.411875478462592,
        0.410410602457001,
        0.40897562188009556,
        0.4075696308097943,
        0.40619175956089904,
        0.40483102803491117,
        0.40349697751923674,
        0.4021888308970706,
        0.40090584094071535,
        0.3996444417198322,
        0.3984068424842488,
        0.39719237594465756,
        0.3960003995261699,
        0.3948295155400087,
        0.3936799203535959,
        0.3925510385939653,
        0.3914423154371852,
        0.39034479535769145,
        0.3892665300164344,
        0.3882070171158949,
        0.38716577167915783,
        0.3861401115436853,
        0.3851318354783056,
        0.3841405052291508,
        0.38316569715081517,
        0.3821954322343613,
        0.3812410733001444,
        0.38030223239737815,
        0.37937853408981786,
        0.3784021227402812,
        0.3774412099835943,
        0.3764954297112647,
        0.3755644272556903
      ]
    }
  },
  "sleep": {
    "mean_acc": 0.8555153241642911,
    "std_acc": 0.03544696531646983,
    "best_pipeline": 0.896393548167686,
    "worst_pipeline": 0.7785469381992235,
    "gap": 0.11784660996846252,
    "selective": {
      "top_10pct": 0.8960115075783893,
      "top_25pct": 0.8944222970749767,
      "top_50pct": 0.884195009957712,
      "top_75pct": 0.8733346061071522,
      "top_100pct": 0.8555153241642911
    },