{
  "bci": {
    "order_variance": {
      "0": 0.14104863901989464,
      "1": 0.010938852062043784,
      "2": 5.817135278484934e-05,
      "3": 7.315153357225486e-06,
      "4": 4.265054493960499e-06,
      "5": 5.657179195366537e-07,
      "6": 9.101724249402817e-08,
      "7": 0.0
    },
    "order_pct": {
      "0": 92.75982346008011,
      "1": 7.193872930514382,
      "2": 0.03825605445222037,
      "3": 0.004810768389647063,
      "4": 0.0028048884743339846,
      "5": 0.00037204112502653913,
      "6": 5.9856964265912e-05,
      "7": 0.0
    },
    "total_variance": 0.1520578993777365
  },
  "sleep": {
    "order_variance": {
      "0": 0.7319064698799325,
      "1": 0.0011291285320655666,
      "2": 0.00011863469727782566,
      "3": 7.693715536152523e-06,
      "4": 9.2253453870917e-07,
      "5": 1.0786381684213853e-07,
      "6": 6.911922199817769e-12,
      "7": 0.0
    },
    "order_pct": {
      "0": 99.82862099922586,
      "1": 0.15400785336065828,
      "2": 0.016181218119097635,
      "3": 0.0010493868328017694,
      "4": 0.00012582939844568036,
      "5": 1.4712120379029045e-05,
      "6": 9.427538764275955e-10,
      "7": 0.0
    },
    "total_variance": 0.7331629572300795
  },
  "p300": {
    "order_variance": {
      "0": 0.6949858735698169,
      "1": 0.00020001968238425393,
      "2": 1.7068000344852334e-05,
      "3": 3.4805520060864845e-07,
      "4": 9.012359409272036e-08,
      "5": 5.7488365715598956e-08,
      "6": 1.9969308617280603e-09,
      "7": 2.0107548009858008e-11
    },
    "order_pct": {
      "0": 99.96870191537009,
      "1": 0.028771387687018583,
      "2": 0.0024551086628591292,
      "3": 5.006522855064179e-05,
      "4": 1.2963628551353412e-05,
      "5": 8.269286491111906e-06,
      "6": 2.87244091791804e-07,
      "7": 2.8923256568099943e-09
    },
    "total_variance": 0.695203458936745
  },
  "physionet": {
    "order_variance": {
      "0": 0.335513825448404,
      "1": 0.003000854486377471,
      "2": 0.0002389973104640011,
      "3": 0.000160913089011807,
      "4": 2.96170300359157e-05,
      "5": 5.863057203989462e-06,
      "6": 3.0570874671328117e-06,
      "7": 1.6259284800631857e-10
    },
    "order_pct": {
      "0": 98.98531627461901,
      "1": 0.8853302245628707,
      "2": 0.07051043078014832,
      "3": 0.04747355190884402,
      "4": 0.008737795175212061,
      "5": 0.001729754566439852,
      "6": 0.0009019204183579934,
      "7": 4.796912455809221e-08
    },
    "total_variance": 0.33895312767155716
  },
  "seed_iv": {
    "order_variance": {
      "0": 0.10018503149478582,
      "1": 0.00013539144011549725,
      "2": 7.98501598129627e-05,
      "3": 6.411699415019491e-05,
      "4": 1.3410974273416336e-05,
      "5": 1.1487361844552708e-06,
      "6": 1.2358970385844954e-07,
      "7": 4.9635665738648727e-08
    },
    "order_pct": {
      "0": 99.7073108113873,
      "1": 0.13474584176279672,
      "2": 0.07946940360271672,
      "3": 0.06381125971256604,
      "4": 0.013347025600652084,
      "5": 0.0011432585694174282,
      "6": 0.00012300038071399007,
      "7": 4.93989838331403e-05
    },
    "total_variance": 0.10047912302469195
  },
  "lee2019_erp": {
    "order_variance": {
      "0": 0.7073222508738944,
      "1": 0.0005764055398117068,
      "2": 8.407708903399178e-05,
      "3": 1.6771953140231887e-05,
      "4": 2.1869045211625198e-06,
      "5": 3.783384447907203e-07,
      "6": 1.3337383893892276e-08,
      "7": 2.0450262983735003e-09
    },
    "order_pct": {
      "0": 99.90397836097844,
      "1": 0.08141297195917493,
      "2": 0.011875260071527864,
      "3": 0.002368912955195303,
      "4": 0.00030888390926457404,
      "5": 5.3437475994569156e-05,
      "6": 1.8838057339228746e-06,
      "7": 2.8884467130493667e-07
    },
    "total_variance": 0.7080020860812565
  }
}