{
  "reference": {
    "mean_delta": -0.001825765497664729,
    "abs_delta": 0.0030545336414336145,
    "std_delta": 0.003209331279842338,
    "n_positive": 16,
    "n_negative": 48
  },
  "hpf": {
    "mean_delta": -0.10600287216543397,
    "abs_delta": 0.10600287216543397,
    "std_delta": 0.03348780739532612,
    "n_positive": 0,
    "n_negative": 64
  },
  "lpf": {
    "mean_delta": 0.0067395280911590905,
    "abs_delta": 0.018967047646010038,
    "std_delta": 0.030849101182565432,
    "n_positive": 29,
    "n_negative": 23
  },
  "baseline": {
    "mean_delta": 0.00838961291259698,
    "abs_delta": 0.014021502088667552,
    "std_delta": 0.02139306067964243,
    "n_positive": 27,
    "n_negative": 25
  },
  "asr": {
    "mean_delta": -0.0007107200169833607,
    "abs_delta": 0.008677793602435594,
    "std_delta": 0.013852381424204278,
    "n_positive": 24,
    "n_negative": 38
  },
  "autoreject": {
    "mean_delta": -0.02432603724305462,
    "abs_delta": 0.031024664497033616,
    "std_delta": 0.03329500207552052,
    "n_positive": 10,
    "n_negative": 54
  },
  "badchannel": {
    "mean_delta": -0.007443625724627208,
    "abs_delta": 0.019482757882295493,
    "std_delta": 0.02580571745879691,
    "n_positive": 40,
    "n_negative": 24
  }
}